id;login;password
1;secondary Direct multi-byte;Locks red reboot
2;Wallis and Futuna methodologies;Applications e-markets Dynamic
3;Pizza Tasty Plastic Pants circuit;deposit synthesizing Reverse-engineered
4;Borders methodology;programming Mexican Peso Mexican Unidad de Inversion (UDI)
5;Ball one-to-one clear-thinking;budgetary management Sleek Soft Keyboard Marketing
6;Practical;hybrid program JSON
7;Gloves cross-platform Officer;De-engineered
8;Self-enabling Licensed;Maryland Legacy PCI
9;24/365;deposit FTP
10;installation Chair Concrete;Shoes Intranet Tools
